<?xml version="1.0" encoding="windows-1251" standalone="yes" ?>
<triggers>
	<trigger	Name="GlobalVar"	active="1">
		<event	timeout="0.1"		eventid="GE_TIME_PERIOD" />
		<script>
--			println("Map Region 4 map 2: Initialised")
			SetVar("CountArmyKill",0)
			local test=0
			if test==1 then
--				println("TESTING: MAP DON'T WORK CORRECT WITH ANOTHER MAPS ")
				CompleteQuest("r4m1_RescueBuharsCivilian")
				TakeQuest("r4m1_GotoAivenGo")
			end             
			trigger:Deactivate()
		</script>
	</trigger>

	<trigger	Name="trStartMap"	active="1">
		<event eventid="GE_GAME_START" ObjName="Player1" />
		<script>
			if QuestStatus("r4m2_FightWithCrazy")==Q_CANBEGIVEN then
				TActivate("trMoveToFatherCar")
				TActivate("trMoveToMilitaryBase")
				TActivate("trNearBase")

				CreateNewDummyObject( "mirotvorecCargo05", "mirCargo", -1, -1, CVector(1554.298, 329.958, 338.369), Quaternion(-0.0383, 0.7107, 0.0388, 0.7014), 8)
				CreateNewDummyObject( "mirotvorecCab05", "mirCab", -1, -1, CVector(1559.402, 329.696, 338.649), Quaternion(0.0278, 0.7066, -0.0278, 0.7066), 8)

				local Acab = GetEntityByName("mirCab")
				if Acab then Acab:SetBelong(1042) end

				local Acargo = GetEntityByName("mirCargo")
				if Acargo then Acargo:SetBelong(1042) end

				trigger:Deactivate()
			end
		</script>
	</trigger>

	<trigger	Name="trMoveToFatherCar"	active="0">
		<event	eventid="GE_OBJECT_ENTERS_LOCATION"	ObjName="FatherCar_loc" />
		<script>
--			println("Father Car")

			SaveAllToleranceStatus(RS_NEUTRAL)

			local Plf = GetPlayerVehicle()
			Plf:SetCustomControlEnabled( true )
			Plf:SetCustomLinearVelocity( 0 )
			Plf:SetThrottle( 0 )
			Plf:SetCustomControlEnabled( false )

			Fly("FatherCar_Cam", CINEMATIC_NO_AIM, 0, 28, 1, 1 )
			StartCinematic()

			AddCinematicMessage( 201, 0.25 )
			AddCinematicMessage( 202, 0.25 )
			AddCinematicMessage( 203, 0.25 )
			AddCinematicMessage( 204, 0.25 )

			TActivate("trMoveToFatherCar_End")

			trigger:Deactivate()
		</script>
	</trigger>

	<trigger Name="trMoveToFatherCar_End" active="0">
		<event eventid="GE_END_CINEMATIC" ObjName="Player1" />
		<event eventid="GE_SKIP_CINEMATIC" ObjName="Player1" />
		<script>
			RestoreAllToleranceStatus()

			SetCameraBehindPlayerVehicle()

			AddPlayerMoney(20000)
			AddHistory( "r4_FindFatherCar" )
			AddFadingMsgId( "fm_history_got" )
			trigger:Deactivate()
		</script>
	</trigger>

	<trigger	Name="trNearBase"	active="0">
		<event	eventid="GE_OBJECT_ENTERS_LOCATION"	ObjName="NearEnterBase_loc" />
		<script>
--			println("Near Base")
            TakeQuest("r4m2_FightWithCrazy")
			TActivate("cinNearBase")
			trigger:Deactivate()
		</script>
	</trigger>


	<trigger	Name="trMoveToMilitaryBase"	active="0">
		<event	eventid="GE_OBJECT_ENTERS_LOCATION"	ObjName="MilitaryBase_loc"/>
		<script>
--			println("Military Base")
			if QuestStatus("r4m2_FightWithCrazy")==Q_CANBEGIVEN then
				TActivate("trActivateArmyDie")
				CompleteQuest("r4m1_FindMilitaryBase")
				trigger:Deactivate()
			end
		</script>
	</trigger>

	<trigger	Name="trMBArmy01Die"	active="0">
		<event	eventid="GE_OBJECT_DIE"	ObjName="MBArmy01" />
		<event	eventid="GE_OBJECT_DIE"	ObjName="MBArmy02" />
		<event	eventid="GE_OBJECT_DIE"	ObjName="MBArmy03" />
		<event	eventid="GE_OBJECT_DIE"	ObjName="MBArmy04" />
		<script>
			TActivate("trActivateArmyDie")
			trigger:Deactivate()
		</script>
	</trigger>

	<trigger	Name="trActivateArmyDie"	active="0">
		<event	timeout="0.5"		eventid="GE_TIME_PERIOD" />
		<script>
		    local count = GetVar("CountArmyKill").AsInt
			if count>=6 then
			   TActivate("trHelpers1")
			   TDeactivate("trMBArmy01Die")
			else
				for i = 1,4 do
					if getObj("MBArmy0"..i)==nil then
						count = count + 1
						local vehlist={"Tank01","Hunter01","Hunter02","Cruiser01","Cruiser02"}
						local veh1=vehlist[random(getn(vehlist))]
						local veh2=vehlist[random(getn(vehlist))]
						CreateTeam("MBArmy0"..i, 1062, CVector(getPos("SpawnCrazy"..random(17).."_loc")),{veh1,veh2},CVector(getPos("MilitaryBase_loc")))
					end
				end
				TActivate("trMBArmy01Die")
				SetVar("CountArmyKill", count)
			end
			trigger:Deactivate()
		</script>
	</trigger>

	<trigger	Name="trHelpers1"	active="0">
		<event	timeout="2"		eventid="GE_TIME_PERIOD" />
		<script>
--			println("Helpers1")
			TActivate("cinHelpersFirst")
			trigger:Deactivate()
		</script>
	</trigger>

	<trigger	Name="trNearPlate"	active="0">
		<event	eventid="GE_OBJECT_ENTERS_LOCATION"	ObjName="NearPlateRadiation_loc" />
		<script>
--			println("trNearPlate")

			TActivate("cinLookToTarelkaFirst")

			AddHistory( "r4_NearTarelka" )
--			AddHistory( "r4_AfterTarelka" )
			AddFadingMsgId( "fm_history_got" )
			CompleteQuest("r4m2_InvestigationPlate")
			trigger:Deactivate()
		</script>
	</trigger>

	<trigger	Name="trMoveToPlate"	active="1">
		<event	eventid="GE_OBJECT_ENTERS_LOCATION"	ObjName="PlateRadiation_loc" />
		<script>
--			println("PLATE")
			TActivate("cinPlateFirst")
			trigger:Deactivate()
		</script>
	</trigger>

	<trigger Name="trExitToR4M1" active="1">
		<event	eventid="GE_OBJECT_ENTERS_LOCATION"	ObjName="ExitFromMap" />
		<script>
			GetPlayerVehicle():SetThrottle( 0 )
			local b = 1

			if b == 1 then
--				println ("Yes")
				PassToMap("r4m1", "FromR4M2", -1)
			else
--				println ("No")
				TActivate("cinExit41ReturnFirst")				
			end
 		</script>
	</trigger>

	<trigger	Name="trExitFromCity"	active="0">
		<event	eventid="GE_LEAVE_TOWN"	ObjName="ScientiferVillage" />
		<script>
			TActivate("cinAfterTalkScienfFirst")
			trigger:Deactivate()
 		</script>
	</trigger>


</triggers>
